year,county_name,total_participants,age_18_29,age_30_39,age_40_49,age_50_59,age_60_69,age_70_79,age_80_89,age_90_99,age_100_plus
2020,Autauga,27681,3701,4051,4619,5512,5047,3277,1321,153,0
2024,Autauga,28401,3600,3991,4631,5223,5428,3710,1584,231,3
2020,Bibb,8797,1320,1231,1393,1772,1551,1069,399,58,4
2024,Bibb,9283,1275,1211,1323,1737,1787,1355,527,66,2
2020,Blount,27694,3774,3705,4237,5269,5290,3852,1361,191,15
2024,Blount,28255,3914,3800,4195,5005,5324,4222,1572,216,7
2020,Calhoun,51304,6473,6703,7590,9407,10488,7452,2749,429,13
2024,Calhoun,48732,5991,5948,7119,8161,9857,8205,2958,477,16
2020,Chambers,15481,1813,1842,2191,2942,3283,2425,817,161,7
2024,Chambers,13687,1508,1573,1729,2478,2902,2466,874,154,3
2020,Cherokee,12408,1453,1291,1637,2364,2635,2198,751,78,1
2024,Cherokee,12528,1325,1323,1506,2279,2841,2278,867,109,0
2020,Chilton,19135,2512,2542,2975,3550,3860,2635,906,148,7
2024,Chilton,19765,2645,2669,2915,3462,3907,2946,1076,140,5
2020,Clay,6949,859,768,1053,1351,1390,1058,412,57,1
2024,Clay,6737,797,710,931,1259,1418,1101,456,64,1
2020,Cleburne,7243,844,971,1101,1400,1474,1010,368,71,4
2024,Cleburne,7676,952,986,1129,1428,1529,1145,448,59,0
2020,Coffee,22393,2574,2911,3744,4261,4260,3173,1248,217,5
2024,Coffee,22364,2506,2653,3604,4137,4277,3537,1380,260,10
2020,Colbert,28003,3499,3731,3999,5356,5623,3981,1568,234,12
2024,Colbert,27264,3218,3628,3817,4683,5565,4347,1736,266,4
2020,Coosa,5496,516,570,726,1127,1284,919,291,59,4
2024,Coosa,5265,450,520,621,1029,1274,984,329,57,1
2020,Covington,17530,1918,2176,2440,3161,3716,2759,1162,189,9
2024,Covington,17113,1865,2049,2399,2825,3564,2973,1235,199,4
2020,Cullman,41978,5324,5824,6374,7792,7994,5995,2352,317,6
2024,Cullman,43318,5522,5961,6258,7480,8429,6604,2685,374,5
2020,Dale,18808,2193,2331,2760,3515,3966,2738,1114,184,7
2024,Dale,19177,2083,2269,2701,3307,4133,3191,1278,212,3
2020,DeKalb,29408,4019,3736,4521,5469,5764,4260,1446,191,2
2024,DeKalb,29709,4026,3877,4242,5197,5780,4647,1723,215,2
2020,Elmore,41214,5013,5817,6446,8053,8248,5478,1893,255,11
2024,Elmore,41787,4885,5534,6212,7494,8671,6334,2349,301,7
2020,Etowah,47462,5845,5831,7174,8877,9347,7323,2634,425,6
2024,Etowah,45822,5592,5434,6507,8186,8912,7845,2957,376,13
2020,Fayette,8831,1057,1147,1257,1608,1781,1352,541,86,2
2024,Fayette,8398,1040,1011,1180,1445,1644,1395,589,88,6
2020,Franklin,12689,1709,1596,1839,2363,2492,1871,718,97,4
2024,Franklin,12167,1607,1558,1668,2110,2450,1897,775,102,0
2020,Geneva,12584,1412,1555,1806,2371,2539,1987,787,123,4
2024,Geneva,12395,1416,1486,1736,2170,2490,2070,889,136,2
2020,Henry,9385,970,1083,1475,1731,1887,1634,499,104,2
2024,Henry,9298,950,1033,1323,1635,1883,1713,665,89,7
2020,Houston,46620,5199,6227,7207,8659,9306,6825,2698,485,14
2024,Houston,44563,4637,5331,6527,7785,9118,7512,3133,510,10
2020,Jackson,23805,2907,2844,3745,4363,4834,3628,1300,179,5
2024,Jackson,23668,2870,2835,3436,4217,4756,3873,1496,181,4
2020,Jefferson,328288,48696,53356,52340,56472,59881,39318,14747,3368,110
2024,Jefferson,299196,39476,46162,47975,48193,54366,43902,15951,3093,78
2020,Lamar,7245,859,840,1063,1315,1466,1163,470,66,3
2024,Lamar,6915,841,785,927,1218,1387,1192,474,91,0
2020,Lauderdale,44522,6179,5811,6082,7969,8788,6706,2582,397,8
2024,Lauderdale,42188,5462,5442,5613,6851,8498,7045,2842,429,6
2020,Lawrence,16053,1967,2091,2356,3391,3103,2274,760,108,3
2024,Lawrence,16059,2110,2076,2241,2977,3303,2320,918,112,2
2020,Lee,71382,13580,11237,11645,12490,11458,7874,2642,429,27
2024,Lee,73628,12779,10618,11890,12445,12426,9407,3519,530,14
2020,Limestone,49401,6703,7158,8393,9971,8935,5916,2063,260,2
2024,Limestone,53584,7078,7987,8825,9871,10062,6801,2590,367,3
2020,Madison,195459,29722,30727,29470,37758,35985,21106,9137,1507,47
2024,Madison,198145,28431,30996,31135,32426,38440,24471,10360,1836,50
2020,Marion,13883,1692,1704,1968,2687,2655,2112,935,126,4
2024,Marion,13602,1686,1681,1840,2450,2668,2180,957,134,6
2020,Marshall,39861,5011,5181,5663,7527,8010,5902,2260,302,5
2024,Marshall,40472,5109,5259,5516,6993,8356,6358,2509,367,5
2020,Morgan,54060,6577,6905,7973,10549,10872,7733,2994,445,12
2024,Morgan,53681,6410,6705,7929,9224,11037,8397,3435,537,7
2020,Pickens,9731,1197,1241,1417,1823,2012,1334,602,100,5
2024,Pickens,8924,1008,1016,1279,1504,1906,1477,622,106,6
2020,Randolph,10912,1261,1202,1490,2163,2330,1759,616,88,3
2024,Randolph,11145,1266,1259,1407,2024,2467,1918,710,94,0
2020,Shelby,114812,16623,16639,20101,22272,20124,13776,4532,727,18
2024,Shelby,115155,15543,15742,19335,20981,20587,16125,6001,822,19
2020,St. Clair,44574,5529,6716,7283,8383,8565,5749,2060,281,8
2024,St. Clair,43894,5507,6140,6961,7753,8491,6310,2394,333,5
2020,Talladega,35750,4187,4583,5257,7015,7489,5113,1822,278,6
2024,Talladega,33886,3710,3963,4664,6211,7386,5641,2014,291,6
2020,Tallapoosa,21120,2343,2325,2767,3998,4611,3564,1311,198,3
2024,Tallapoosa,20155,2058,2108,2388,3526,4550,3786,1518,216,5
2020,Tuscaloosa,90189,15576,14130,14739,15312,15681,10384,3666,676,25
2024,Tuscaloosa,85380,13505,12401,13533,14310,14839,11909,4193,672,18
2020,Walker,31254,3912,3992,4476,5865,6237,4693,1802,266,11
2024,Walker,29843,3726,3792,4129,5180,5980,4825,1958,249,4
2020,Winston,11269,1331,1201,1583,2241,2314,1820,676,103,0
2024,Winston,11153,1308,1212,1402,2018,2480,1891,724,114,4
