year,county_name,contest_type,district_number,contest_title,candidate_votes,overvotes,undervotes,contest_ballots
2020,Autauga,president,,PRESIDENT AND VICE PRESIDENT OF THE UNITED STATES,27770,30,57,27857
2020,Autauga,us_house,2,"UNITED STATES REPRESENTATIVE, 2ND CONGRESSIONAL DISTRICT",27477,15,356,27848
2020,Bibb,president,,PRESIDENT AND VICE PRESIDENT OF THE UNITED STATES,9595,15,20,9630
2020,Bibb,us_house,6,"UNITED STATES REPRESENTATIVE, 6TH CONGRESSIONAL DISTRICT",7837,0,1787,9624
2020,Blount,president,,PRESIDENT AND VICE PRESIDENT OF THE UNITED STATES,27588,32,43,27663
2020,Blount,us_house,4,"UNITED STATES REPRESENTATIVE, 4TH CONGRESSIONAL DISTRICT",2122,0,38,2160
2020,Blount,us_house,6,"UNITED STATES REPRESENTATIVE, 6TH CONGRESSIONAL DISTRICT",23023,5,2465,25493
2020,Calhoun,president,,PRESIDENT AND VICE PRESIDENT OF THE UNITED STATES,50983,73,89,51145
2020,Calhoun,us_house,3,"UNITED STATES REPRESENTATIVE, 3RD CONGRESSIONAL DISTRICT",50572,40,533,51145
2020,Chambers,president,,PRESIDENT AND VICE PRESIDENT OF THE UNITED STATES,15284,20,28,15332
2020,Chambers,us_house,3,"UNITED STATES REPRESENTATIVE, 3RD CONGRESSIONAL DISTRICT",15090,14,228,15332
2020,Cherokee,president,,PRESIDENT AND VICE PRESIDENT OF THE UNITED STATES,12301,25,20,12346
2020,Cherokee,us_house,3,"UNITED STATES REPRESENTATIVE, 3RD CONGRESSIONAL DISTRICT",11366,5,166,11537
2020,Cherokee,us_house,4,"UNITED STATES REPRESENTATIVE, 4TH CONGRESSIONAL DISTRICT",801,1,7,809
2020,Chilton,president,,PRESIDENT AND VICE PRESIDENT OF THE UNITED STATES,19310,18,38,19366
2020,Chilton,us_house,6,"UNITED STATES REPRESENTATIVE, 6TH CONGRESSIONAL DISTRICT",16228,0,3138,19366
2020,Clay,president,,PRESIDENT AND VICE PRESIDENT OF THE UNITED STATES,6930,10,16,6956
2020,Clay,us_house,3,"UNITED STATES REPRESENTATIVE, 3RD CONGRESSIONAL DISTRICT",6862,1,94,6957
2020,Cleburne,president,,PRESIDENT AND VICE PRESIDENT OF THE UNITED STATES,7227,18,10,7255
2020,Cleburne,us_house,3,"UNITED STATES REPRESENTATIVE, 3RD CONGRESSIONAL DISTRICT",7140,1,113,7254
2020,Coffee,president,,PRESIDENT AND VICE PRESIDENT OF THE UNITED STATES,22275,21,43,22339
2020,Coffee,us_house,2,"UNITED STATES REPRESENTATIVE, 2ND CONGRESSIONAL DISTRICT",22101,11,223,22335
2020,Colbert,president,,PRESIDENT AND VICE PRESIDENT OF THE UNITED STATES,27886,38,60,27984
2020,Colbert,us_house,4,"UNITED STATES REPRESENTATIVE, 4TH CONGRESSIONAL DISTRICT",27486,18,480,27984
2020,Coosa,president,,PRESIDENT AND VICE PRESIDENT OF THE UNITED STATES,5479,2,13,5494
2020,Coosa,us_house,6,"UNITED STATES REPRESENTATIVE, 6TH CONGRESSIONAL DISTRICT",3835,2,1655,5492
2020,Covington,president,,PRESIDENT AND VICE PRESIDENT OF THE UNITED STATES,17430,29,32,17491
2020,Covington,us_house,2,"UNITED STATES REPRESENTATIVE, 2ND CONGRESSIONAL DISTRICT",17152,9,330,17491
2020,Cullman,president,,PRESIDENT AND VICE PRESIDENT OF THE UNITED STATES,41851,62,70,41983
2020,Cullman,us_house,4,"UNITED STATES REPRESENTATIVE, 4TH CONGRESSIONAL DISTRICT",41522,6,457,41985
2020,Dale,president,,PRESIDENT AND VICE PRESIDENT OF THE UNITED STATES,19738,45,31,19814
2020,Dale,us_house,2,"UNITED STATES REPRESENTATIVE, 2ND CONGRESSIONAL DISTRICT",19494,26,288,19808
2020,DeKalb,president,,PRESIDENT AND VICE PRESIDENT OF THE UNITED STATES,29356,35,60,29451
2020,DeKalb,us_house,4,"UNITED STATES REPRESENTATIVE, 4TH CONGRESSIONAL DISTRICT",28946,6,497,29449
2020,Elmore,president,,PRESIDENT AND VICE PRESIDENT OF THE UNITED STATES,41030,30,86,41146
2020,Elmore,us_house,2,"UNITED STATES REPRESENTATIVE, 2ND CONGRESSIONAL DISTRICT",40626,13,505,41144
2020,Etowah,president,,PRESIDENT AND VICE PRESIDENT OF THE UNITED STATES,47728,62,81,47871
2020,Etowah,us_house,4,"UNITED STATES REPRESENTATIVE, 4TH CONGRESSIONAL DISTRICT",47329,39,500,47868
2020,Fayette,president,,PRESIDENT AND VICE PRESIDENT OF THE UNITED STATES,8766,25,24,8815
2020,Fayette,us_house,4,"UNITED STATES REPRESENTATIVE, 4TH CONGRESSIONAL DISTRICT",8666,5,144,8815
2020,Franklin,president,,PRESIDENT AND VICE PRESIDENT OF THE UNITED STATES,12578,22,65,12665
2020,Franklin,us_house,4,"UNITED STATES REPRESENTATIVE, 4TH CONGRESSIONAL DISTRICT",12386,2,277,12665
2020,Geneva,president,,PRESIDENT AND VICE PRESIDENT OF THE UNITED STATES,12545,17,26,12588
2020,Geneva,us_house,2,"UNITED STATES REPRESENTATIVE, 2ND CONGRESSIONAL DISTRICT",12445,6,137,12588
2020,Henry,president,,PRESIDENT AND VICE PRESIDENT OF THE UNITED STATES,9298,15,25,9338
2020,Henry,us_house,2,"UNITED STATES REPRESENTATIVE, 2ND CONGRESSIONAL DISTRICT",9157,2,179,9338
2020,Houston,president,,PRESIDENT AND VICE PRESIDENT OF THE UNITED STATES,46173,63,69,46305
2020,Houston,us_house,2,"UNITED STATES REPRESENTATIVE, 2ND CONGRESSIONAL DISTRICT",45740,42,522,46304
2020,Jackson,president,,PRESIDENT AND VICE PRESIDENT OF THE UNITED STATES,23636,25,68,23729
2020,Jackson,us_house,4,"UNITED STATES REPRESENTATIVE, 4TH CONGRESSIONAL DISTRICT",88,0,2,90
2020,Jackson,us_house,5,"UNITED STATES REPRESENTATIVE, 5TH CONGRESSIONAL DISTRICT",19625,3,4001,23629
2020,Jefferson,president,,PRESIDENT AND VICE PRESIDENT OF THE UNITED STATES,325848,275,886,327009
2020,Jefferson,us_house,6,"UNITED STATES REPRESENTATIVE, 6TH CONGRESSIONAL DISTRICT",140568,38,57275,197881
2020,Jefferson,us_house,7,"UNITED STATES REPRESENTATIVE, 7TH CONGRESSIONAL DISTRICT",111322,45,17399,128766
2020,Lamar,president,,PRESIDENT AND VICE PRESIDENT OF THE UNITED STATES,7193,2,16,7211
2020,Lamar,us_house,4,"UNITED STATES REPRESENTATIVE, 4TH CONGRESSIONAL DISTRICT",7112,1,100,7213
2020,Lauderdale,president,,PRESIDENT AND VICE PRESIDENT OF THE UNITED STATES,44339,40,131,44510
2020,Lauderdale,us_house,5,"UNITED STATES REPRESENTATIVE, 5TH CONGRESSIONAL DISTRICT",33930,6,10574,44510
2020,Lawrence,president,,PRESIDENT AND VICE PRESIDENT OF THE UNITED STATES,16031,14,56,16101
2020,Lawrence,us_house,4,"UNITED STATES REPRESENTATIVE, 4TH CONGRESSIONAL DISTRICT",15768,7,326,16101
2020,Lee,president,,PRESIDENT AND VICE PRESIDENT OF THE UNITED STATES,71449,52,124,71625
2020,Lee,us_house,3,"UNITED STATES REPRESENTATIVE, 3RD CONGRESSIONAL DISTRICT",70637,43,942,71622
2020,Limestone,president,,PRESIDENT AND VICE PRESIDENT OF THE UNITED STATES,49235,57,91,49383
2020,Limestone,us_house,5,"UNITED STATES REPRESENTATIVE, 5TH CONGRESSIONAL DISTRICT",38659,4,10720,49383
2020,Madison,president,,PRESIDENT AND VICE PRESIDENT OF THE UNITED STATES,194767,122,485,195374
2020,Madison,us_house,5,"UNITED STATES REPRESENTATIVE, 5TH CONGRESSIONAL DISTRICT",129500,23,65297,194820
2020,Marion,president,,PRESIDENT AND VICE PRESIDENT OF THE UNITED STATES,13807,18,30,13855
2020,Marion,us_house,4,"UNITED STATES REPRESENTATIVE, 4TH CONGRESSIONAL DISTRICT",13717,3,135,13855
2020,Marshall,president,,PRESIDENT AND VICE PRESIDENT OF THE UNITED STATES,39655,35,61,39751
2020,Marshall,us_house,4,"UNITED STATES REPRESENTATIVE, 4TH CONGRESSIONAL DISTRICT",39243,13,491,39747
2020,Morgan,president,,PRESIDENT AND VICE PRESIDENT OF THE UNITED STATES,53722,67,116,53905
2020,Morgan,us_house,5,"UNITED STATES REPRESENTATIVE, 5TH CONGRESSIONAL DISTRICT",42446,10,11389,53845
2020,Pickens,president,,PRESIDENT AND VICE PRESIDENT OF THE UNITED STATES,9668,10,23,9701
2020,Pickens,us_house,7,"UNITED STATES REPRESENTATIVE, 7TH CONGRESSIONAL DISTRICT",5409,4,4285,9698
2020,Randolph,president,,PRESIDENT AND VICE PRESIDENT OF THE UNITED STATES,10837,14,22,10873
2020,Randolph,us_house,3,"UNITED STATES REPRESENTATIVE, 3RD CONGRESSIONAL DISTRICT",10662,9,201,10872
2020,Shelby,president,,PRESIDENT AND VICE PRESIDENT OF THE UNITED STATES,114950,67,248,115265
2020,Shelby,us_house,6,"UNITED STATES REPRESENTATIVE, 6TH CONGRESSIONAL DISTRICT",90770,19,24499,115288
2020,St. Clair,president,,PRESIDENT AND VICE PRESIDENT OF THE UNITED STATES,44441,44,66,44551
2020,St. Clair,us_house,3,"UNITED STATES REPRESENTATIVE, 3RD CONGRESSIONAL DISTRICT",43951,24,576,44551
2020,Talladega,president,,PRESIDENT AND VICE PRESIDENT OF THE UNITED STATES,35663,62,54,35779
2020,Talladega,us_house,3,"UNITED STATES REPRESENTATIVE, 3RD CONGRESSIONAL DISTRICT",35457,28,294,35779
2020,Tallapoosa,president,,PRESIDENT AND VICE PRESIDENT OF THE UNITED STATES,20991,23,53,21067
2020,Tallapoosa,us_house,3,"UNITED STATES REPRESENTATIVE, 3RD CONGRESSIONAL DISTRICT",20776,7,282,21065
2020,Tuscaloosa,president,,PRESIDENT AND VICE PRESIDENT OF THE UNITED STATES,90172,95,154,90421
2020,Tuscaloosa,us_house,4,"UNITED STATES REPRESENTATIVE, 4TH CONGRESSIONAL DISTRICT",30734,4,484,31222
2020,Tuscaloosa,us_house,7,"UNITED STATES REPRESENTATIVE, 7TH CONGRESSIONAL DISTRICT",37921,22,21314,59257
2020,Walker,president,,PRESIDENT AND VICE PRESIDENT OF THE UNITED STATES,31170,43,54,31267
2020,Walker,us_house,4,"UNITED STATES REPRESENTATIVE, 4TH CONGRESSIONAL DISTRICT",30919,9,354,31282
2020,Winston,president,,PRESIDENT AND VICE PRESIDENT OF THE UNITED STATES,11284,13,16,11313
2020,Winston,us_house,4,"UNITED STATES REPRESENTATIVE, 4TH CONGRESSIONAL DISTRICT",11190,2,121,11313
2024,Autauga,president,,PRESIDENT AND VICE PRESIDENT OF THE UNITED STATES,28281,46,95,28422
2024,Autauga,us_house,6,"UNITED STATES REPRESENTATIVE, 6TH CONGRESSIONAL DISTRICT",27852,5,565,28422
2024,Bibb,president,,PRESIDENT AND VICE PRESIDENT OF THE UNITED STATES,9257,9,12,9278
2024,Bibb,us_house,6,"UNITED STATES REPRESENTATIVE, 6TH CONGRESSIONAL DISTRICT",9150,3,123,9276
2024,Blount,president,,PRESIDENT AND VICE PRESIDENT OF THE UNITED STATES,28163,37,29,28229
2024,Blount,us_house,4,"UNITED STATES REPRESENTATIVE, 4TH CONGRESSIONAL DISTRICT",25675,0,2546,28221
2024,Calhoun,president,,PRESIDENT AND VICE PRESIDENT OF THE UNITED STATES,48653,102,64,48819
2024,Calhoun,us_house,3,"UNITED STATES REPRESENTATIVE, 3RD CONGRESSIONAL DISTRICT",38494,7,10318,48819
2024,Chambers,president,,PRESIDENT AND VICE PRESIDENT OF THE UNITED STATES,14245,36,29,14310
2024,Chambers,us_house,3,"UNITED STATES REPRESENTATIVE, 3RD CONGRESSIONAL DISTRICT",9898,0,4418,14316
2024,Cherokee,president,,PRESIDENT AND VICE PRESIDENT OF THE UNITED STATES,13006,28,19,13053
2024,Cherokee,us_house,3,"UNITED STATES REPRESENTATIVE, 3RD CONGRESSIONAL DISTRICT",11513,1,1536,13050
2024,Chilton,president,,PRESIDENT AND VICE PRESIDENT OF THE UNITED STATES,19763,15,46,19824
2024,Chilton,us_house,6,"UNITED STATES REPRESENTATIVE, 6TH CONGRESSIONAL DISTRICT",19321,0,503,19824
2024,Clay,president,,PRESIDENT AND VICE PRESIDENT OF THE UNITED STATES,6767,9,11,6787
2024,Clay,us_house,3,"UNITED STATES REPRESENTATIVE, 3RD CONGRESSIONAL DISTRICT",5877,0,905,6782
2024,Cleburne,president,,PRESIDENT AND VICE PRESIDENT OF THE UNITED STATES,7651,28,10,7689
2024,Cleburne,us_house,3,"UNITED STATES REPRESENTATIVE, 3RD CONGRESSIONAL DISTRICT",7021,1,667,7689
2024,Coffee,president,,PRESIDENT AND VICE PRESIDENT OF THE UNITED STATES,22319,23,25,22367
2024,Coffee,us_house,1,"UNITED STATES REPRESENTATIVE, 1ST CONGRESSIONAL DISTRICT",22137,1,226,22364
2024,Colbert,president,,PRESIDENT AND VICE PRESIDENT OF THE UNITED STATES,27160,31,49,27240
2024,Colbert,us_house,4,"UNITED STATES REPRESENTATIVE, 4TH CONGRESSIONAL DISTRICT",20926,1,6283,27210
2024,Coosa,president,,PRESIDENT AND VICE PRESIDENT OF THE UNITED STATES,5268,1,7,5276
2024,Coosa,us_house,6,"UNITED STATES REPRESENTATIVE, 6TH CONGRESSIONAL DISTRICT",5199,1,76,5276
2024,Covington,president,,PRESIDENT AND VICE PRESIDENT OF THE UNITED STATES,17095,26,30,17151
2024,Covington,us_house,1,"UNITED STATES REPRESENTATIVE, 1ST CONGRESSIONAL DISTRICT",16843,10,292,17145
2024,Cullman,president,,PRESIDENT AND VICE PRESIDENT OF THE UNITED STATES,43146,79,86,43311
2024,Cullman,us_house,4,"UNITED STATES REPRESENTATIVE, 4TH CONGRESSIONAL DISTRICT",39429,3,3879,43311
2024,Dale,president,,PRESIDENT AND VICE PRESIDENT OF THE UNITED STATES,19139,56,25,19220
2024,Dale,us_house,1,"UNITED STATES REPRESENTATIVE, 1ST CONGRESSIONAL DISTRICT",18947,17,255,19219
2024,DeKalb,president,,PRESIDENT AND VICE PRESIDENT OF THE UNITED STATES,29660,50,49,29759
2024,DeKalb,us_house,4,"UNITED STATES REPRESENTATIVE, 4TH CONGRESSIONAL DISTRICT",26037,4,3718,29759
2024,Elmore,president,,PRESIDENT AND VICE PRESIDENT OF THE UNITED STATES,41624,55,87,41766
2024,Elmore,us_house,6,"UNITED STATES REPRESENTATIVE, 6TH CONGRESSIONAL DISTRICT",41055,11,698,41764
2024,Etowah,president,,PRESIDENT AND VICE PRESIDENT OF THE UNITED STATES,46137,88,56,46281
2024,Etowah,us_house,3,"UNITED STATES REPRESENTATIVE, 3RD CONGRESSIONAL DISTRICT",37257,2,9021,46280
2024,Fayette,president,,PRESIDENT AND VICE PRESIDENT OF THE UNITED STATES,8369,15,22,8406
2024,Fayette,us_house,4,"UNITED STATES REPRESENTATIVE, 4TH CONGRESSIONAL DISTRICT",7296,1,1109,8406
2024,Franklin,president,,PRESIDENT AND VICE PRESIDENT OF THE UNITED STATES,12097,20,41,12158
2024,Franklin,us_house,4,"UNITED STATES REPRESENTATIVE, 4TH CONGRESSIONAL DISTRICT",10576,1,1578,12155
2024,Geneva,president,,PRESIDENT AND VICE PRESIDENT OF THE UNITED STATES,12401,22,6,12429
2024,Geneva,us_house,1,"UNITED STATES REPRESENTATIVE, 1ST CONGRESSIONAL DISTRICT",12294,1,134,12429
2024,Henry,president,,PRESIDENT AND VICE PRESIDENT OF THE UNITED STATES,9320,18,17,9355
2024,Henry,us_house,1,"UNITED STATES REPRESENTATIVE, 1ST CONGRESSIONAL DISTRICT",9200,5,150,9355
2024,Houston,president,,PRESIDENT AND VICE PRESIDENT OF THE UNITED STATES,44349,100,104,44553
2024,Houston,us_house,1,"UNITED STATES REPRESENTATIVE, 1ST CONGRESSIONAL DISTRICT",43987,15,548,44550
2024,Jackson,president,,PRESIDENT AND VICE PRESIDENT OF THE UNITED STATES,23556,31,51,23638
2024,Jackson,us_house,5,"UNITED STATES REPRESENTATIVE, 5TH CONGRESSIONAL DISTRICT",20233,0,3404,23637
2024,Jefferson,president,,PRESIDENT AND VICE PRESIDENT OF THE UNITED STATES,298704,353,772,299829
2024,Jefferson,us_house,6,"UNITED STATES REPRESENTATIVE, 6TH CONGRESSIONAL DISTRICT",129260,29,1870,131159
2024,Jefferson,us_house,7,"UNITED STATES REPRESENTATIVE, 7TH CONGRESSIONAL DISTRICT",166858,45,1778,168681
2024,Lamar,president,,PRESIDENT AND VICE PRESIDENT OF THE UNITED STATES,6890,20,13,6923
2024,Lamar,us_house,4,"UNITED STATES REPRESENTATIVE, 4TH CONGRESSIONAL DISTRICT",6067,0,855,6922
2024,Lauderdale,president,,PRESIDENT AND VICE PRESIDENT OF THE UNITED STATES,43637,74,105,43816
2024,Lauderdale,us_house,4,"UNITED STATES REPRESENTATIVE, 4TH CONGRESSIONAL DISTRICT",26807,2,7735,34544
2024,Lauderdale,us_house,5,"UNITED STATES REPRESENTATIVE, 5TH CONGRESSIONAL DISTRICT",7977,0,1295,9272
2024,Lawrence,president,,PRESIDENT AND VICE PRESIDENT OF THE UNITED STATES,16122,25,26,16173
2024,Lawrence,us_house,5,"UNITED STATES REPRESENTATIVE, 5TH CONGRESSIONAL DISTRICT",13119,0,3052,16171
2024,Lee,president,,PRESIDENT AND VICE PRESIDENT OF THE UNITED STATES,73127,64,160,73351
2024,Lee,us_house,3,"UNITED STATES REPRESENTATIVE, 3RD CONGRESSIONAL DISTRICT",53618,3,19678,73299
2024,Limestone,president,,PRESIDENT AND VICE PRESIDENT OF THE UNITED STATES,53332,60,108,53500
2024,Limestone,us_house,5,"UNITED STATES REPRESENTATIVE, 5TH CONGRESSIONAL DISTRICT",42294,2,11204,53500
2024,Madison,president,,PRESIDENT AND VICE PRESIDENT OF THE UNITED STATES,197617,124,575,198316
2024,Madison,us_house,5,"UNITED STATES REPRESENTATIVE, 5TH CONGRESSIONAL DISTRICT",135639,7,62402,198048
2024,Marion,president,,PRESIDENT AND VICE PRESIDENT OF THE UNITED STATES,13543,31,21,13595
2024,Marion,us_house,4,"UNITED STATES REPRESENTATIVE, 4TH CONGRESSIONAL DISTRICT",12362,0,1231,13593
2024,Marshall,president,,PRESIDENT AND VICE PRESIDENT OF THE UNITED STATES,40388,49,62,40499
2024,Marshall,us_house,4,"UNITED STATES REPRESENTATIVE, 4TH CONGRESSIONAL DISTRICT",35759,3,4737,40499
2024,Morgan,president,,PRESIDENT AND VICE PRESIDENT OF THE UNITED STATES,53543,87,98,53728
2024,Morgan,us_house,5,"UNITED STATES REPRESENTATIVE, 5TH CONGRESSIONAL DISTRICT",43148,4,10575,53727
2024,Pickens,president,,PRESIDENT AND VICE PRESIDENT OF THE UNITED STATES,8912,19,14,8945
2024,Pickens,us_house,7,"UNITED STATES REPRESENTATIVE, 7TH CONGRESSIONAL DISTRICT",8845,5,94,8944
2024,Randolph,president,,PRESIDENT AND VICE PRESIDENT OF THE UNITED STATES,11091,33,15,11139
2024,Randolph,us_house,3,"UNITED STATES REPRESENTATIVE, 3RD CONGRESSIONAL DISTRICT",9293,2,1842,11137
2024,Shelby,president,,PRESIDENT AND VICE PRESIDENT OF THE UNITED STATES,114698,112,283,115093
2024,Shelby,us_house,6,"UNITED STATES REPRESENTATIVE, 6TH CONGRESSIONAL DISTRICT",113733,31,1327,115091
2024,St. Clair,president,,PRESIDENT AND VICE PRESIDENT OF THE UNITED STATES,43526,48,66,43640
2024,St. Clair,us_house,3,"UNITED STATES REPRESENTATIVE, 3RD CONGRESSIONAL DISTRICT",37184,8,6440,43632
2024,Talladega,president,,PRESIDENT AND VICE PRESIDENT OF THE UNITED STATES,33250,48,29,33327
2024,Talladega,us_house,3,"UNITED STATES REPRESENTATIVE, 3RD CONGRESSIONAL DISTRICT",23233,1,9023,32257
2024,Talladega,us_house,6,"UNITED STATES REPRESENTATIVE, 6TH CONGRESSIONAL DISTRICT",1055,0,15,1070
2024,Tallapoosa,president,,PRESIDENT AND VICE PRESIDENT OF THE UNITED STATES,20023,53,34,20110
2024,Tallapoosa,us_house,3,"UNITED STATES REPRESENTATIVE, 3RD CONGRESSIONAL DISTRICT",15620,3,4487,20110
2024,Tuscaloosa,president,,PRESIDENT AND VICE PRESIDENT OF THE UNITED STATES,85256,102,151,85509
2024,Tuscaloosa,us_house,4,"UNITED STATES REPRESENTATIVE, 4TH CONGRESSIONAL DISTRICT",30308,2,9411,39721
2024,Tuscaloosa,us_house,7,"UNITED STATES REPRESENTATIVE, 7TH CONGRESSIONAL DISTRICT",45284,16,488,45788
2024,Walker,president,,PRESIDENT AND VICE PRESIDENT OF THE UNITED STATES,29786,0,0,29786
2024,Walker,us_house,4,"UNITED STATES REPRESENTATIVE, 4TH CONGRESSIONAL DISTRICT",26323,0,0,26323
2024,Winston,president,,PRESIDENT AND VICE PRESIDENT OF THE UNITED STATES,11149,12,20,11181
2024,Winston,us_house,4,"UNITED STATES REPRESENTATIVE, 4TH CONGRESSIONAL DISTRICT",10307,0,873,11180
