County,Total Ballots Cast,Total Female,Total Male,Total Not Identified
AUTAUGA,"27,681","15,245","12,310",126
BALDWIN,"110,922","60,724","50,049",149
BARBOUR,"10,551","6,059","4,483",9
BIBB,"8,797","4,801","3,989",7
BLOUNT,"27,694","14,749","12,935",10
BULLOCK,"4,542","2,714","1,815",13
BUTLER,"9,482","5,518","3,962",2
CALHOUN,"51,304","28,296","22,881",127
CHAMBERS,"15,481","8,722","6,725",34
CHEROKEE,"12,408","6,507","5,897",4
CHILTON,"19,135","10,361","8,751",23
CHOCTAW,"7,438","4,204","3,230",4
CLARKE,"13,239","7,436","5,769",34
CLAY,"6,949","3,714","3,232",3
CLEBURNE,"7,243","3,790","3,450",3
COFFEE,"22,393","12,132","10,248",13
COLBERT,"28,003","15,290","12,689",24
CONECUH,"5,709","3,209","2,499",1
COOSA,"5,496","2,954","2,542",0
COVINGTON,"17,530","9,638","7,880",12
CRENSHAW,"6,624","3,716","2,906",2
CULLMAN,"41,978","22,368","19,605",5
DALE,"18,808","10,412","8,387",9
DALLAS,"18,053","10,840","7,209",4
DEKALB,"29,408","15,512","13,886",10
ELMORE,"41,214","22,660","18,518",36
ESCAMBIA,"15,958","9,096","6,849",13
ETOWAH,"47,462","26,052","21,385",25
FAYETTE,"8,831","4,678","4,153",0
FRANKLIN,"12,689","6,747","5,942",0
GENEVA,"12,584","6,798","5,786",0
GREENE,"4,794","2,771","2,019",4
HALE,"7,998","4,625","3,369",4
HENRY,"9,385","5,111","4,268",6
HOUSTON,"46,620","26,174","20,384",62
JACKSON,"23,805","12,505","11,298",2
JEFFERSON,"328,288","189,647","138,478",163
LAMAR,"7,245","3,867","3,378",0
LAUDERDALE,"44,522","24,182","20,283",57
LAWRENCE,"16,053","8,517","7,529",7
LEE,"71,382","39,258","31,889",235
LIMESTONE,"49,401","26,392","22,995",14
LOWNDES,"6,759","3,831","2,923",5
MACON,"8,776","5,233","3,524",19
MADISON,"195,459","105,204","90,023",232
MARENGO,"10,920","6,219","4,701",0
MARION,"13,883","7,391","6,489",3
MARSHALL,"39,861","21,168","18,674",19
MOBILE,"184,949","105,683","78,975",291
MONROE,"10,693","5,964","4,728",1
MONTGOMERY,"94,347","56,532","37,737",78
MORGAN,"54,060","29,503","24,550",7
PERRY,"5,199","3,010","2,189",0
PICKENS,"9,731","5,512","4,192",27
PIKE,"12,778","7,259","5,516",3
RANDOLPH,"10,912","5,942","4,968",2
RUSSELL,"21,375","12,376","8,992",7
SHELBY,"114,812","62,949","51,770",93
ST_CLAIR,"44,574","24,176","20,388",10
SUMTER,"6,332","3,756","2,576",0
TALLADEGA,"35,750","20,099","15,622",29
TALLAPOOSA,"21,120","11,713","9,403",4
TUSCALOOSA,"90,189","50,632","39,427",130
WALKER,"31,254","16,739","14,474",41
WASHINGTON,"8,918","4,828","4,088",2
WILCOX,"5,900","3,379","2,521",0
WINSTON,"11,269","5,970","5,289",10
TOTALS,"2,324,919","1,293,059","1,029,591","2,269"
